Survived,Pclass,Age,SibSp,Parch,Fare,Embarked,Mapped_Title,FamilySize,TicketPrefix,TicketNumber,TicketNumberLengthGroup,TicketNumberPrefix,Mapped_Sex,AgeGroup,Age_Pclass_Group,FareGroup,FamilySizeGroup,Age_Pclass,family_size_pclass_total,family_size_pclass_survived
0,1,45.5,0,0,28.5,2,0,1,35,113043,3,68,0,2,6,3,0,45.5,109,0.5365853658536586
0,2,23.0,0,0,13.0,2,0,1,35,28425,1,55,0,0,1,1,0,46.0,104,0.3647058823529411
0,3,32.0,0,0,7.925,2,0,1,33,3101293,2,84,0,1,5,0,0,96.0,324,0.2137404580152671
0,3,26.0,1,0,7.8542,2,0,2,35,350025,3,79,0,0,2,0,2,78.0,113,0.4021739130434782
0,3,6.0,4,2,31.275,2,1,7,35,347082,3,78,1,6,19,5,1,18.0,54,0.0681818181818181
0,1,24.0,0,1,247.5208,0,0,2,15,17558,1,46,0,0,0,4,2,24.0,101,0.6842105263157895
0,1,45.0,0,0,26.55,2,0,1,35,113050,3,68,0,2,6,3,0,45.0,109,0.5365853658536586
0,2,29.0,1,0,27.7208,0,0,2,26,2167,0,11,0,0,1,3,2,58.0,78,0.625
0,3,30.0,0,0,7.8958,2,0,1,35,349216,3,78,0,0,2,0,0,90.0,324,0.2137404580152671
1,1,30.0,0,0,35.5,2,0,1,35,19947,1,48,0,0,0,5,0,30.0,109,0.5365853658536586
1,2,42.0,0,0,13.0,2,2,1,35,236852,3,71,1,2,7,1,0,84.0,104,0.3647058823529411
0,3,36.0,1,1,24.15,2,0,3,35,345773,3,78,0,1,5,3,2,108.0,113,0.4021739130434782
0,2,33.0,0,0,12.275,2,0,1,28,1585,0,7,0,1,4,1,0,66.0,104,0.3647058823529411
0,3,17.0,1,0,7.0542,2,0,2,35,350048,3,79,0,6,19,0,2,51.0,113,0.4021739130434782
1,3,29.0,0,0,9.5,2,0,1,35,345779,3,78,0,0,2,0,0,87.0,324,0.2137404580152671
1,2,50.0,0,1,26.0,2,2,2,35,230433,3,71,1,2,7,3,2,100.0,78,0.625
1,1,35.0,1,0,90.0,2,2,2,35,19943,1,48,1,1,3,11,2,35.0,101,0.6842105263157895
1,1,38.0,0,0,227.525,0,1,1,15,17757,1,46,1,1,3,4,0,38.0,109,0.5365853658536586
0,2,34.0,0,0,13.0,2,0,1,35,250647,3,73,0,1,4,1,0,68.0,104,0.3647058823529411
1,1,17.0,1,0,57.0,2,2,2,35,17474,1,46,1,6,17,7,2,17.0,101,0.6842105263157895
0,3,11.0,4,2,31.275,2,1,7,35,347082,3,78,1,6,19,5,1,33.0,54,0.0681818181818181
0,3,61.0,0,0,6.2375,2,0,1,35,345364,3,78,0,4,14,0,0,183.0,324,0.2137404580152671
0,3,30.0,0,0,8.6625,2,1,1,35,315084,3,75,1,0,2,0,0,90.0,324,0.2137404580152671
1,2,7.0,0,2,26.25,2,1,3,11,13529,1,43,1,6,18,3,2,14.0,78,0.625
1,3,63.0,0,0,9.5875,2,2,1,35,4134,0,26,1,4,14,0,0,189.0,324,0.2137404580152671
1,3,20.0,0,0,7.2292,0,0,1,35,2663,0,15,0,6,19,0,0,60.0,324,0.2137404580152671
1,3,35.0,0,2,22.3583,0,2,3,35,2668,0,15,1,1,5,3,2,105.0,113,0.4021739130434782
0,3,29.0,0,0,9.4833,2,0,1,35,7545,0,36,0,0,2,0,0,87.0,324,0.2137404580152671
1,1,36.0,1,2,120.0,2,0,4,35,113760,3,68,0,1,3,2,2,36.0,101,0.6842105263157895
0,3,30.0,0,0,14.4583,0,0,1,35,2627,0,15,0,0,2,1,0,90.0,324,0.2137404580152671
0,3,50.0,0,0,8.05,2,0,1,3,3594,0,23,0,2,8,0,0,150.0,324,0.2137404580152671
0,1,27.0,0,2,211.5,0,0,3,35,113503,3,68,0,0,0,4,2,27.0,101,0.6842105263157895
0,3,30.0,0,0,7.25,2,0,1,5,7076,0,34,0,0,2,0,0,90.0,324,0.2137404580152671
1,1,33.0,1,0,90.0,1,1,2,35,19928,1,48,1,1,3,11,2,33.0,101,0.6842105263157895
0,3,30.0,0,0,7.725,1,0,1,35,36209,1,61,0,0,2,0,0,90.0,324,0.2137404580152671
0,3,21.0,3,1,25.4667,2,1,5,35,4133,0,26,1,0,2,3,1,63.0,54,0.0681818181818181
0,3,2.0,3,1,21.075,2,3,5,35,349909,3,78,0,6,19,3,1,6.0,54,0.0681818181818181
1,2,25.0,1,1,30.0,2,1,3,35,237789,3,71,1,0,1,5,2,50.0,78,0.625
0,1,51.0,0,1,61.3792,0,0,2,15,17597,1,46,0,3,9,8,2,51.0,101,0.6842105263157895
1,2,25.0,0,1,26.0,2,2,2,35,230433,3,71,1,0,1,3,2,50.0,78,0.625
0,3,30.0,0,0,7.25,2,0,1,3,34244,1,59,0,0,2,0,0,90.0,324,0.2137404580152671
0,3,30.0,0,0,7.8958,2,0,1,35,349215,3,78,0,0,2,0,0,90.0,324,0.2137404580152671
0,2,24.0,0,0,13.0,2,1,1,35,248747,3,72,1,0,1,1,0,48.0,104,0.3647058823529411
0,3,18.0,1,1,20.2125,2,0,3,35,370129,3,81,0,6,19,3,2,54.0,113,0.4021739130434782
1,1,30.0,0,0,30.5,2,0,1,35,19988,1,48,0,0,0,5,0,30.0,109,0.5365853658536586
0,3,25.0,0,0,7.05,2,0,1,32,392076,3,83,0,0,2,0,0,75.0,324,0.2137404580152671
1,2,24.0,0,2,14.5,2,2,3,35,250649,3,73,1,0,1,1,2,48.0,78,0.625
0,3,22.0,0,0,7.5208,2,0,1,35,350060,3,79,0,0,2,0,0,66.0,324,0.2137404580152671
1,1,0.92,1,2,151.55,2,3,4,35,113781,3,68,0,6,17,2,2,0.92,101,0.6842105263157895
1,2,24.0,1,0,26.0,2,2,2,35,244367,3,72,1,0,1,3,2,48.0,78,0.625
1,3,26.0,0,0,7.925,2,1,1,33,3101282,2,84,1,0,2,0,0,78.0,324,0.2137404580152671
0,2,34.0,1,0,21.0,2,0,2,35,28664,1,55,0,1,4,3,2,68.0,78,0.625
1,1,21.0,2,2,262.375,0,1,5,15,17608,1,46,1,0,0,4,1,21.0,6,0.6
0,3,30.0,0,0,7.75,1,0,1,35,384461,3,82,0,0,2,0,0,90.0,324,0.2137404580152671
1,3,35.0,0,0,7.2292,0,2,1,35,2626,0,15,1,1,5,0,0,105.0,324,0.2137404580152671
0,3,30.0,0,0,8.6625,2,0,1,35,315037,3,75,0,0,2,0,0,90.0,324,0.2137404580152671
1,3,22.0,0,0,7.775,2,1,1,35,347085,3,78,1,0,2,0,0,66.0,324,0.2137404580152671
1,1,62.0,0,0,80.0,3,2,1,35,113572,3,68,1,4,12,10,0,62.0,109,0.5365853658536586
1,3,18.0,0,0,9.8417,2,1,1,35,4138,0,26,1,6,19,0,0,54.0,324,0.2137404580152671
1,1,42.0,0,0,227.525,0,1,1,15,17757,1,46,1,2,6,4,0,42.0,109,0.5365853658536586
0,2,57.0,0,0,12.35,1,0,1,35,219533,3,69,0,3,10,1,0,114.0,104,0.3647058823529411
0,3,19.0,0,0,0.0,2,0,1,13,0,4,0,0,6,19,0,0,57.0,324,0.2137404580152671
1,2,42.0,1,0,26.0,2,2,2,25,3085,0,19,1,2,7,3,2,84.0,78,0.625
0,3,30.0,0,0,7.225,0,0,1,35,2624,0,15,0,0,2,0,0,90.0,324,0.2137404580152671
0,3,20.0,0,0,8.6625,2,1,1,35,315096,3,75,1,6,19,0,0,60.0,324,0.2137404580152671
0,3,34.5,0,0,6.4375,0,0,1,35,2683,0,15,0,1,5,0,0,103.5,324,0.2137404580152671
0,3,28.0,0,0,9.5,2,0,1,35,345783,3,78,0,0,2,0,0,84.0,324,0.2137404580152671
0,3,30.0,0,0,8.05,2,0,1,4,2816,0,17,0,0,2,0,0,90.0,324,0.2137404580152671
0,3,23.0,0,0,7.8958,2,0,1,35,349204,3,78,0,0,2,0,0,69.0,324,0.2137404580152671
0,3,22.0,0,0,7.25,2,0,1,3,21174,1,50,0,0,2,0,0,66.0,324,0.2137404580152671
1,1,52.0,0,0,30.5,2,0,1,35,113786,3,68,0,3,9,5,0,52.0,109,0.5365853658536586
1,3,30.0,0,0,12.475,2,1,1,35,364516,3,80,1,0,2,1,0,90.0,324,0.2137404580152671
0,2,36.5,0,2,26.0,2,0,3,35,230080,3,71,0,1,4,3,2,73.0,78,0.625
0,3,30.0,0,0,7.75,1,0,1,35,364851,3,80,0,0,2,0,0,90.0,324,0.2137404580152671
0,3,22.0,0,0,7.2292,0,0,1,35,2669,0,15,0,0,2,0,0,66.0,324,0.2137404580152671
1,1,50.0,2,0,133.65,2,0,3,15,17611,1,46,0,2,6,2,2,50.0,101,0.6842105263157895
1,3,27.0,0,0,6.975,2,0,1,35,347089,3,78,0,0,2,0,0,81.0,324,0.2137404580152671
0,3,22.0,0,0,8.05,2,0,1,35,14973,1,44,0,0,2,0,0,66.0,324,0.2137404580152671
1,1,51.0,1,0,77.9583,2,2,2,35,13502,1,43,1,3,9,9,2,51.0,101,0.6842105263157895
0,2,36.0,0,0,10.5,2,0,1,6,17248,1,46,0,1,4,1,0,72.0,104,0.3647058823529411
1,2,29.0,1,0,26.0,2,2,2,35,228414,3,70,1,0,1,3,2,58.0,78,0.625
1,1,22.0,0,0,151.55,2,1,1,35,113781,3,68,1,0,0,2,0,22.0,109,0.5365853658536586
0,1,50.0,1,0,106.425,0,0,2,15,17761,1,46,0,2,6,2,2,50.0,101,0.6842105263157895
1,2,40.0,0,0,13.0,2,1,1,35,31418,1,57,1,1,4,1,0,80.0,104,0.3647058823529411
1,3,27.0,0,0,8.6625,2,0,1,35,315098,3,75,0,0,2,0,0,81.0,324,0.2137404580152671
0,1,30.0,0,0,0.0,2,0,1,35,112052,3,68,0,0,0,0,0,30.0,109,0.5365853658536586
0,1,65.0,0,0,26.55,2,0,1,35,13509,1,43,0,4,12,3,0,65.0,109,0.5365853658536586
0,3,17.0,0,0,8.6625,2,0,1,35,315086,3,75,0,6,19,0,0,51.0,324,0.2137404580152671
1,1,28.0,0,0,26.55,2,0,1,35,110564,3,68,0,0,0,3,0,28.0,109,0.5365853658536586
1,1,4.0,0,2,81.8583,2,3,3,35,33638,1,58,0,6,17,10,2,4.0,101,0.6842105263157895
0,3,30.0,0,0,7.8958,2,0,1,35,349221,3,78,0,0,2,0,0,90.0,324,0.2137404580152671
1,3,1.0,1,1,11.1333,2,1,3,35,347742,3,78,1,6,19,1,2,3.0,113,0.4021739130434782
0,2,36.0,1,2,27.75,2,0,4,6,34651,1,59,0,1,4,3,2,72.0,78,0.625
0,2,43.0,1,1,26.25,2,0,3,11,13529,1,43,0,2,7,3,2,86.0,78,0.625
0,1,38.0,0,1,153.4625,2,0,2,15,17582,1,46,0,1,3,2,2,38.0,101,0.6842105263157895
1,2,31.0,1,1,26.25,2,2,3,6,31921,1,57,1,1,4,3,2,62.0,78,0.625
0,3,29.0,0,0,8.05,2,0,1,35,343276,3,78,0,0,2,0,0,87.0,324,0.2137404580152671
0,3,18.0,0,0,8.3,2,0,1,35,2223,0,12,0,6,19,0,0,54.0,324,0.2137404580152671
0,2,30.0,0,0,15.05,0,0,1,26,2131,0,11,0,0,1,1,0,60.0,104,0.3647058823529411
1,1,39.0,1,1,110.8833,0,2,3,35,17421,1,46,1,1,3,2,2,39.0,101,0.6842105263157895
0,2,39.0,0,0,13.0,2,0,1,35,28213,1,55,0,1,4,1,0,78.0,104,0.3647058823529411
0,3,26.0,2,0,8.6625,2,0,3,35,315151,3,75,0,0,2,0,2,78.0,113,0.4021739130434782
0,3,20.0,0,0,7.05,2,0,1,31,3101307,2,84,0,6,19,0,0,60.0,324,0.2137404580152671
1,1,35.0,1,0,133.65,2,2,2,15,17611,1,46,1,1,3,2,2,35.0,101,0.6842105263157895
0,3,49.0,0,0,0.0,2,0,1,13,0,4,0,0,2,8,0,0,147.0,324,0.2137404580152671
0,2,23.0,0,0,15.0458,0,0,1,26,2133,0,11,0,0,1,1,0,46.0,104,0.3647058823529411
0,3,1.0,4,1,39.6875,2,3,6,35,3101295,2,84,0,6,19,5,1,3.0,54,0.0681818181818181
1,3,21.0,0,0,7.8792,1,1,1,35,330959,3,77,1,0,2,0,0,63.0,324,0.2137404580152671
0,3,30.0,1,2,23.45,2,0,4,36,6607,0,33,0,0,2,3,2,90.0,113,0.4021739130434782
1,2,3.0,1,1,26.0,2,3,3,35,230080,3,71,0,6,18,3,2,6.0,78,0.625
1,3,4.0,1,1,11.1333,2,3,3,35,347742,3,78,0,6,19,1,2,12.0,113,0.4021739130434782
0,3,19.0,0,0,7.65,2,0,1,35,348124,3,78,0,6,19,0,0,57.0,324,0.2137404580152671
0,3,40.5,0,0,7.75,1,0,1,35,367232,3,80,0,2,8,0,0,121.5,324,0.2137404580152671
1,3,1.0,0,2,15.7417,0,1,3,35,2653,0,15,1,6,19,1,2,3.0,113,0.4021739130434782
0,3,35.0,0,2,15.2458,0,2,3,35,2678,0,15,1,1,5,1,2,105.0,113,0.4021739130434782
0,3,21.0,0,0,7.925,2,0,1,33,3101280,2,84,0,0,2,0,0,63.0,324,0.2137404580152671
0,1,54.0,0,0,51.8625,2,0,1,35,17463,1,46,0,3,9,7,0,54.0,109,0.5365853658536586
0,3,30.0,0,0,15.5,1,0,1,35,36568,1,61,0,0,2,1,0,90.0,324,0.2137404580152671
0,2,25.0,1,2,41.5792,0,0,4,27,2123,0,11,0,0,1,6,2,50.0,78,0.625
0,3,26.0,1,0,14.4542,0,0,2,35,2680,0,15,0,0,2,1,2,78.0,113,0.4021739130434782
0,3,22.0,0,0,10.5167,2,1,1,35,7552,0,36,1,0,2,1,0,66.0,324,0.2137404580152671
1,3,31.0,1,1,20.525,2,2,3,35,363291,3,80,1,1,5,3,2,93.0,113,0.4021739130434782
1,1,49.0,1,0,89.1042,0,0,2,35,17453,1,46,0,2,6,10,2,49.0,101,0.6842105263157895
0,2,19.0,1,1,36.75,2,0,3,6,33112,1,58,0,6,18,5,2,38.0,78,0.625
0,2,24.0,0,0,10.5,2,0,1,6,29566,1,56,0,0,1,1,0,48.0,104,0.3647058823529411
1,3,16.0,0,0,8.05,2,0,1,32,392089,3,83,0,6,19,0,0,48.0,324,0.2137404580152671
1,1,25.0,1,0,55.4417,0,0,2,35,11765,1,41,0,0,0,7,2,25.0,101,0.6842105263157895
0,3,39.0,0,0,24.15,2,0,1,3,48871,1,65,0,1,5,3,0,117.0,324,0.2137404580152671
0,3,47.0,1,0,14.5,2,2,2,3,3337,0,21,1,2,8,1,2,141.0,113,0.4021739130434782
0,1,60.0,0,0,26.55,2,0,1,35,113800,3,68,0,3,9,3,0,60.0,109,0.5365853658536586
0,2,24.0,0,0,13.0,2,0,1,35,233866,3,71,0,0,1,1,0,48.0,104,0.3647058823529411
0,1,30.0,0,0,50.0,2,0,1,35,113767,3,68,0,0,0,7,0,30.0,109,0.5365853658536586
0,2,27.0,1,0,21.0,2,2,2,35,11668,1,41,1,0,1,3,2,54.0,78,0.625
1,2,30.0,0,0,13.8625,0,0,1,26,2146,0,11,0,0,1,1,0,60.0,104,0.3647058823529411
0,3,38.0,0,0,7.8958,2,0,1,35,349249,3,78,0,1,5,0,0,114.0,324,0.2137404580152671
0,3,44.0,0,0,8.05,2,0,1,35,364511,3,80,0,2,8,0,0,132.0,324,0.2137404580152671
1,2,21.0,0,0,10.5,2,1,1,6,31026,1,57,1,0,1,1,0,42.0,104,0.3647058823529411
1,3,24.0,0,2,16.7,2,2,3,16,9549,0,39,1,0,2,1,2,72.0,113,0.4021739130434782
1,2,45.0,0,0,13.5,2,2,1,35,223596,3,70,1,2,7,1,0,90.0,104,0.3647058823529411
1,2,8.0,1,1,36.75,2,3,3,6,33112,1,58,0,6,18,5,2,16.0,78,0.625
0,3,8.0,3,1,21.075,2,1,5,35,349909,3,78,1,6,19,3,1,24.0,54,0.0681818181818181
0,1,30.0,0,0,35.0,2,0,1,35,113510,3,68,0,0,0,5,0,30.0,109,0.5365853658536586
1,3,32.0,0,0,8.05,2,0,1,31,392078,3,83,0,1,5,0,0,96.0,324,0.2137404580152671
0,1,50.0,1,0,55.9,2,0,2,35,13507,1,43,0,2,6,7,2,50.0,101,0.6842105263157895
0,3,21.0,0,0,7.8,2,0,1,3,39886,1,63,0,0,2,0,0,63.0,324,0.2137404580152671
1,2,50.0,0,0,10.5,2,1,1,36,14258,1,44,1,2,7,1,0,100.0,104,0.3647058823529411
0,3,23.0,0,0,7.925,2,1,1,33,3101290,2,84,1,0,2,0,0,69.0,324,0.2137404580152671
1,3,32.0,0,0,7.8542,2,0,1,35,350417,3,79,0,1,5,0,0,96.0,324,0.2137404580152671
0,3,21.0,0,0,7.75,1,1,1,35,382649,3,82,1,0,2,0,0,63.0,324,0.2137404580152671
0,3,21.0,2,2,34.375,2,1,5,36,6608,0,33,1,0,2,5,1,63.0,54,0.0681818181818181
0,3,30.0,0,0,7.75,1,0,1,35,370377,3,81,0,0,2,0,0,90.0,324,0.2137404580152671
0,3,25.0,0,0,7.225,0,0,1,35,2672,0,15,0,0,2,0,0,75.0,324,0.2137404580152671
0,3,15.0,1,1,7.2292,0,0,3,35,2695,0,15,0,6,19,0,2,45.0,113,0.4021739130434782
0,3,31.0,1,0,18.0,2,2,2,35,345763,3,78,1,1,5,1,2,93.0,113,0.4021739130434782
0,2,25.0,0,0,13.0,2,0,1,35,234686,3,71,0,0,1,1,0,50.0,104,0.3647058823529411
0,2,54.0,0,0,26.0,2,0,1,35,28403,1,55,0,3,10,3,0,108.0,104,0.3647058823529411
0,1,28.0,0,0,47.1,2,0,1,35,113059,3,68,0,0,0,6,0,28.0,109,0.5365853658536586
1,1,38.0,0,0,80.0,3,1,1,35,113572,3,68,1,1,3,10,0,38.0,109,0.5365853658536586
1,2,41.0,0,1,19.5,2,2,2,35,250644,3,73,1,2,7,1,2,82.0,78,0.625
0,3,33.0,0,0,8.6625,0,0,1,35,349239,3,78,0,1,5,0,0,99.0,324,0.2137404580152671
0,2,52.0,0,0,13.5,2,0,1,35,248731,3,72,0,3,10,1,0,104.0,104,0.3647058823529411
0,3,16.0,1,1,20.25,2,0,3,6,2673,0,15,0,6,19,3,2,48.0,113,0.4021739130434782
0,3,20.0,0,0,8.05,2,0,1,3,2151,0,11,0,6,19,0,0,60.0,324,0.2137404580152671
0,3,9.0,4,2,31.3875,2,3,7,35,347077,3,78,0,6,19,5,1,27.0,54,0.0681818181818181
1,3,30.0,0,0,8.1125,2,0,1,35,65306,1,67,0,0,2,0,0,90.0,324,0.2137404580152671
0,3,30.0,0,0,7.8292,1,0,1,35,330979,3,77,0,0,2,0,0,90.0,324,0.2137404580152671
0,3,30.0,0,0,7.8958,2,0,1,35,349234,3,78,0,0,2,0,0,90.0,324,0.2137404580152671
1,1,54.0,1,0,59.4,0,2,2,15,17603,1,46,1,3,9,7,2,54.0,101,0.6842105263157895
0,3,26.0,0,0,7.8958,2,0,1,35,349224,3,78,0,0,2,0,0,78.0,324,0.2137404580152671
1,1,60.0,1,1,79.2,0,0,3,35,13567,1,43,0,3,9,9,2,60.0,101,0.6842105263157895
1,3,30.0,0,0,56.4958,2,0,1,35,1601,0,8,0,0,2,7,0,90.0,324,0.2137404580152671
1,1,44.0,0,1,57.9792,0,2,2,35,111361,3,68,1,2,6,7,2,44.0,101,0.6842105263157895
1,3,20.0,1,0,7.925,2,0,2,33,3101285,2,84,0,6,19,0,2,60.0,113,0.4021739130434782
0,3,3.5,3,1,25.4667,2,3,5,35,4133,0,26,0,6,19,3,1,10.5,54,0.0681818181818181
0,2,16.0,0,0,10.5,2,0,1,19,3,4,1,0,6,18,1,0,32.0,104,0.3647058823529411
0,3,43.0,1,6,46.9,2,2,8,8,2144,0,11,1,2,8,6,1,129.0,54,0.0681818181818181
0,3,17.0,0,0,8.6625,2,0,1,35,315093,3,75,0,6,19,0,0,51.0,324,0.2137404580152671
1,1,37.0,1,1,52.5542,2,0,3,35,11751,1,41,0,1,3,7,2,37.0,101,0.6842105263157895
1,2,62.0,0,0,10.5,2,0,1,23,752,5,4,0,4,13,1,0,124.0,104,0.3647058823529411
0,3,8.0,4,1,29.125,1,3,6,35,382652,3,82,0,6,19,3,1,24.0,54,0.0681818181818181
1,3,32.0,0,0,56.4958,2,0,1,35,1601,0,8,0,1,5,7,0,96.0,324,0.2137404580152671
0,3,20.0,1,0,9.825,2,1,2,35,4136,0,26,1,6,19,0,2,60.0,113,0.4021739130434782
1,2,28.0,0,0,13.0,2,1,1,35,237668,3,71,1,0,1,1,0,56.0,104,0.3647058823529411
0,3,21.0,0,0,7.75,1,1,1,35,364846,3,80,1,0,2,0,0,63.0,324,0.2137404580152671
0,3,37.0,2,0,7.925,2,0,3,35,3101276,2,84,0,1,5,0,2,111.0,113,0.4021739130434782
0,3,17.0,0,0,14.4583,0,1,1,35,2627,0,15,1,6,19,1,0,51.0,324,0.2137404580152671
1,3,21.0,0,0,7.75,1,1,1,35,14313,1,44,1,0,2,0,0,63.0,324,0.2137404580152671
0,1,46.0,1,0,61.175,2,0,2,37,5734,0,30,0,2,6,8,2,46.0,101,0.6842105263157895
0,3,30.0,0,0,15.1,2,0,1,6,6212,0,31,0,0,2,1,0,90.0,324,0.2137404580152671
0,3,24.0,0,0,8.05,2,0,1,35,343275,3,78,0,0,2,0,0,72.0,324,0.2137404580152671
0,1,29.0,1,0,66.6,2,0,2,35,113776,3,68,0,0,0,8,2,29.0,101,0.6842105263157895
1,1,56.0,0,1,83.1583,0,2,2,35,11767,1,41,1,3,9,10,2,56.0,101,0.6842105263157895
0,2,31.0,1,1,37.0042,0,0,3,18,2079,0,10,0,1,4,5,2,62.0,78,0.625
1,3,30.0,0,0,7.75,1,0,1,35,367228,3,80,0,0,2,0,0,90.0,324,0.2137404580152671
1,2,32.0,1,0,26.0,2,0,2,35,2908,0,18,0,1,4,3,2,64.0,78,0.625
0,3,33.0,1,1,20.525,2,0,3,35,363291,3,80,0,1,5,3,2,99.0,113,0.4021739130434782
0,3,59.0,0,0,7.25,2,0,1,35,364500,3,80,0,3,11,0,0,177.0,324,0.2137404580152671
1,1,58.0,0,0,26.55,2,1,1,35,113783,3,68,1,3,9,3,0,58.0,109,0.5365853658536586
1,3,35.0,1,0,16.1,2,2,2,35,376564,3,81,1,1,5,1,2,105.0,113,0.4021739130434782
1,2,3.0,1,2,41.5792,0,1,4,27,2123,0,11,1,6,18,6,2,6.0,78,0.625
0,3,30.0,0,0,7.8958,0,0,1,35,349253,3,78,0,0,2,0,0,90.0,324,0.2137404580152671
1,1,16.0,0,1,57.9792,0,1,2,35,111361,3,68,1,6,17,7,2,16.0,101,0.6842105263157895
0,3,45.0,1,4,27.9,2,2,6,35,347088,3,78,1,2,8,3,1,135.0,54,0.0681818181818181
1,1,43.0,0,1,211.3375,2,2,2,35,24160,1,52,1,2,6,4,2,43.0,101,0.6842105263157895
1,1,30.0,0,0,106.425,0,1,1,15,17761,1,46,1,0,0,2,0,30.0,109,0.5365853658536586
0,3,28.5,0,0,16.1,2,0,1,35,54636,1,66,0,0,2,1,0,85.5,324,0.2137404580152671
0,3,24.0,0,0,7.7958,2,0,1,35,350035,3,79,0,0,2,0,0,72.0,324,0.2137404580152671
0,2,30.0,0,0,13.0,2,0,1,35,250653,3,73,0,0,1,1,0,60.0,104,0.3647058823529411
0,1,36.0,0,0,40.125,0,0,1,35,13049,1,43,0,1,3,6,0,36.0,109,0.5365853658536586
0,3,25.0,0,0,7.05,2,0,1,31,3101312,2,84,0,0,2,0,0,75.0,324,0.2137404580152671
0,3,21.0,0,2,7.75,1,1,3,35,364848,3,80,1,0,2,0,2,63.0,113,0.4021739130434782
0,1,50.0,0,0,28.7125,0,1,1,15,17595,1,46,1,2,6,3,0,50.0,109,0.5365853658536586
1,3,0.75,2,1,19.2583,0,1,4,35,2666,0,15,1,6,19,1,2,2.25,113,0.4021739130434782
1,1,24.0,0,0,49.5042,0,1,1,15,17482,1,46,1,0,0,6,0,24.0,109,0.5365853658536586
1,2,24.0,1,2,65.0,2,1,4,35,220845,3,70,1,0,1,8,2,48.0,78,0.625
1,1,35.0,1,0,52.0,2,2,2,35,113789,3,68,1,1,3,7,2,35.0,101,0.6842105263157895
1,1,30.0,0,0,86.5,2,1,1,35,110152,3,68,1,0,0,10,0,30.0,109,0.5365853658536586
0,2,23.0,0,0,13.0,2,0,1,35,233639,3,71,0,0,1,1,0,46.0,104,0.3647058823529411
0,3,30.0,0,0,7.8958,2,0,1,35,349225,3,78,0,0,2,0,0,90.0,324,0.2137404580152671
0,2,27.0,0,0,26.0,2,0,1,35,244358,3,72,0,0,1,3,0,54.0,104,0.3647058823529411
1,2,55.0,0,0,16.0,2,2,1,35,248706,3,72,1,3,10,1,0,110.0,104,0.3647058823529411
1,1,35.0,1,0,53.1,2,2,2,35,113803,3,68,1,1,3,7,2,35.0,101,0.6842105263157895
0,3,30.0,0,0,6.8583,1,0,1,35,394140,3,83,0,0,2,0,0,90.0,324,0.2137404580152671
1,1,35.0,0,0,79.2,0,2,1,15,17585,1,46,1,1,3,9,0,35.0,109,0.5365853658536586
0,3,30.0,1,0,19.9667,2,0,2,35,65303,1,67,0,0,2,1,2,90.0,113,0.4021739130434782
1,2,23.0,0,0,13.7917,0,2,1,25,541,5,2,1,0,1,1,0,46.0,104,0.3647058823529411
1,3,21.0,0,0,7.7333,1,1,1,35,35852,1,60,1,0,2,0,0,63.0,324,0.2137404580152671
1,1,23.0,1,0,113.275,0,1,2,35,35273,1,60,1,0,0,2,2,23.0,101,0.6842105263157895
0,3,51.0,0,0,8.05,2,0,1,35,21440,1,50,0,3,11,0,0,153.0,324,0.2137404580152671
1,2,33.0,0,2,26.0,2,2,3,35,26360,1,53,1,1,4,3,2,66.0,78,0.625
0,3,29.0,0,4,21.075,2,2,5,35,349909,3,78,1,0,2,3,1,87.0,54,0.0681818181818181
0,3,30.0,0,0,7.8958,0,0,1,35,349254,3,78,0,0,2,0,0,90.0,324,0.2137404580152671
0,3,30.0,8,2,69.55,2,0,11,9,2343,0,13,0,0,2,8,1,90.0,54,0.0681818181818181
1,2,2.0,1,1,26.0,2,1,3,35,26360,1,53,1,6,18,3,2,4.0,78,0.625
1,2,14.0,1,0,30.0708,0,2,2,35,237736,3,71,1,6,18,5,2,28.0,78,0.625
0,2,54.0,1,0,26.0,2,0,2,35,244252,3,72,0,3,10,3,2,108.0,78,0.625
1,3,15.0,0,0,8.0292,1,1,1,35,330923,3,77,1,6,19,0,0,45.0,324,0.2137404580152671
1,1,22.0,0,1,55.0,2,1,2,35,113505,3,68,1,0,0,7,2,22.0,101,0.6842105263157895
0,2,27.0,0,0,13.0,2,0,1,35,220367,3,70,0,0,1,1,0,54.0,104,0.3647058823529411
0,3,30.0,0,0,7.8958,2,0,1,35,349214,3,78,0,0,2,0,0,90.0,324,0.2137404580152671
0,1,30.0,0,0,39.6,0,0,1,35,112379,3,68,0,0,0,5,0,30.0,109,0.5365853658536586
1,2,28.0,1,0,24.0,0,2,2,14,3381,0,21,1,0,1,3,2,56.0,78,0.625
0,3,39.0,0,0,7.925,2,0,1,35,3101296,2,84,0,1,5,0,0,117.0,324,0.2137404580152671
1,2,2.0,1,1,26.0,2,3,3,35,230080,3,71,0,6,18,3,2,4.0,78,0.625
0,3,24.0,1,0,16.1,2,0,2,35,376566,3,81,0,0,2,1,2,72.0,113,0.4021739130434782
0,3,32.0,0,0,7.8958,2,0,1,35,349242,3,78,0,1,5,0,0,96.0,324,0.2137404580152671
0,3,45.5,0,0,7.225,0,0,1,35,2628,0,15,0,2,8,0,0,136.5,324,0.2137404580152671
1,2,8.0,0,2,26.25,2,1,3,6,31921,1,57,1,6,18,3,2,16.0,78,0.625
0,3,26.0,1,2,20.575,2,0,4,6,2315,0,13,0,0,2,3,2,78.0,113,0.4021739130434782
1,1,29.0,0,0,211.3375,2,1,1,35,24160,1,52,1,0,0,4,0,29.0,109,0.5365853658536586
1,2,45.0,1,1,26.25,2,2,3,11,13529,1,43,1,2,7,3,2,90.0,78,0.625
1,3,36.0,1,0,17.4,2,2,2,35,345572,3,78,1,1,5,1,2,108.0,113,0.4021739130434782
0,1,30.0,0,0,26.0,2,0,1,35,113056,3,68,0,0,0,3,0,30.0,109,0.5365853658536586
1,3,4.0,0,2,22.025,2,1,3,35,315153,3,75,1,6,19,3,2,12.0,113,0.4021739130434782
0,2,16.0,0,0,26.0,2,0,1,35,239865,3,71,0,6,18,3,0,32.0,104,0.3647058823529411
0,1,58.0,0,0,29.7,0,0,1,35,11771,1,41,0,3,9,3,0,58.0,109,0.5365853658536586
0,3,40.5,0,2,14.5,2,0,3,3,851,5,5,0,2,8,1,2,121.5,113,0.4021739130434782
0,3,25.0,0,0,7.65,2,0,1,35,348123,3,78,0,0,2,0,0,75.0,324,0.2137404580152671
0,3,30.0,0,0,7.8958,2,0,1,35,349223,3,78,0,0,2,0,0,90.0,324,0.2137404580152671
0,3,51.0,0,0,7.0542,2,0,1,35,347743,3,78,0,3,11,0,0,153.0,324,0.2137404580152671
0,2,30.0,0,0,0.0,2,0,1,35,239853,3,71,0,0,1,0,0,60.0,104,0.3647058823529411
1,3,17.0,4,2,7.925,2,1,7,35,3101281,2,84,1,6,19,0,1,51.0,54,0.0681818181818181
0,3,30.0,0,0,6.95,1,0,1,35,368323,3,80,0,0,2,0,0,90.0,324,0.2137404580152671
0,3,40.0,1,1,15.5,1,0,3,35,364849,3,80,0,1,5,1,2,120.0,113,0.4021739130434782
1,3,25.0,0,0,0.0,2,0,1,13,0,4,0,0,0,2,0,0,75.0,324,0.2137404580152671
0,1,47.0,0,0,25.5875,2,0,1,35,5727,0,30,0,2,6,3,0,47.0,109,0.5365853658536586
0,1,30.0,0,0,26.55,2,0,1,35,113028,3,68,0,0,0,3,0,30.0,109,0.5365853658536586
0,2,44.0,1,0,26.0,2,0,2,35,26707,1,53,0,2,7,3,2,88.0,78,0.625
1,1,23.0,3,2,263.0,2,1,6,35,19950,1,48,1,0,0,4,1,23.0,6,0.6
0,2,18.0,0,0,11.5,2,0,1,35,29108,1,56,0,6,18,1,0,36.0,104,0.3647058823529411
0,2,29.0,1,0,21.0,2,0,2,35,11668,1,41,0,0,1,3,2,58.0,78,0.625
1,3,12.0,1,0,11.2417,0,3,2,35,2651,0,15,0,6,19,1,2,36.0,113,0.4021739130434782
0,3,11.0,0,0,18.7875,0,0,1,35,2699,0,15,0,6,19,1,0,33.0,324,0.2137404580152671
1,3,22.0,0,0,7.75,1,1,1,35,370373,3,81,1,0,2,0,0,66.0,324,0.2137404580152671
0,2,19.0,0,0,10.5,2,0,1,35,28665,1,55,0,6,18,1,0,38.0,104,0.3647058823529411
0,3,22.0,1,0,7.25,2,0,2,3,21171,1,50,0,0,2,0,2,66.0,113,0.4021739130434782
0,3,33.0,0,0,7.8958,2,0,1,35,349257,3,78,0,1,5,0,0,99.0,324,0.2137404580152671
0,1,56.0,0,0,26.55,2,0,1,35,113792,3,68,0,3,9,3,0,56.0,109,0.5365853658536586
1,2,1.0,0,2,37.0042,0,3,3,18,2079,0,10,0,6,18,5,2,2.0,78,0.625
0,3,22.0,0,0,7.7958,2,0,1,35,350052,3,79,0,0,2,0,0,66.0,324,0.2137404580152671
0,3,30.0,0,0,7.2292,0,0,1,35,2641,0,15,0,0,2,0,0,90.0,324,0.2137404580152671
0,3,30.0,0,0,7.75,1,0,1,35,370372,3,81,0,0,2,0,0,90.0,324,0.2137404580152671
0,3,7.0,4,1,29.125,1,3,6,35,382652,3,82,0,6,19,3,1,21.0,54,0.0681818181818181
1,3,4.0,0,1,13.4167,0,1,2,35,349256,3,78,1,6,19,1,2,12.0,113,0.4021739130434782
0,3,70.5,0,0,7.75,1,0,1,35,370369,3,81,0,5,16,0,0,211.5,324,0.2137404580152671
0,2,18.0,0,0,13.0,2,0,1,35,236171,3,71,0,6,18,1,0,36.0,104,0.3647058823529411
1,3,20.0,1,1,15.7417,0,0,3,35,2653,0,15,0,6,19,1,2,60.0,113,0.4021739130434782
0,2,24.0,2,0,73.5,2,0,3,20,14879,1,44,0,0,1,9,2,48.0,78,0.625
0,3,30.0,0,0,7.225,0,0,1,35,2664,0,15,0,0,2,0,0,90.0,324,0.2137404580152671
1,2,34.0,0,0,10.5,2,2,1,6,34260,1,59,1,1,4,1,0,68.0,104,0.3647058823529411
1,3,21.0,0,0,7.75,1,1,1,35,370375,3,81,1,0,2,0,0,63.0,324,0.2137404580152671
1,1,31.0,0,2,164.8667,2,1,3,35,36928,1,61,1,1,3,2,2,31.0,101,0.6842105263157895
0,3,30.0,0,0,7.8958,2,0,1,35,349246,3,78,0,0,2,0,0,90.0,324,0.2137404580152671
0,2,18.0,0,0,11.5,2,0,1,35,231945,3,71,0,6,18,1,0,36.0,104,0.3647058823529411
0,3,9.0,3,2,27.9,2,1,6,35,347088,3,78,1,6,19,3,1,27.0,54,0.0681818181818181
1,1,39.0,1,1,79.65,2,2,3,35,110413,3,68,1,1,3,9,2,39.0,101,0.6842105263157895
1,1,33.0,1,0,53.1,2,2,2,35,113806,3,68,1,1,3,7,2,33.0,101,0.6842105263157895
0,1,70.0,1,1,71.0,2,0,3,39,5735,0,30,0,4,12,9,2,70.0,101,0.6842105263157895
1,1,24.0,0,0,69.3,0,2,1,15,17477,1,46,1,0,0,8,0,24.0,109,0.5365853658536586
1,1,58.0,0,1,153.4625,2,2,2,15,17582,1,46,1,3,9,2,2,58.0,101,0.6842105263157895
0,3,21.0,0,0,7.8542,2,0,1,35,350029,3,79,0,0,2,0,0,63.0,324,0.2137404580152671
1,1,17.0,1,0,108.9,0,2,2,15,17758,1,46,1,6,17,2,2,17.0,101,0.6842105263157895
0,3,28.0,1,1,14.4,2,2,3,35,347080,3,78,1,0,2,1,2,84.0,113,0.4021739130434782
1,1,24.0,0,0,83.1583,0,1,1,35,11767,1,41,1,0,0,10,0,24.0,109,0.5365853658536586
0,3,30.0,0,0,7.225,0,0,1,35,2647,0,15,0,0,2,0,0,90.0,324,0.2137404580152671
0,3,30.0,1,0,15.5,1,0,2,35,370371,3,81,0,0,2,1,2,90.0,113,0.4021739130434782
0,3,42.0,0,0,8.6625,2,0,1,35,315088,3,75,0,2,8,0,0,126.0,324,0.2137404580152671
0,3,18.0,1,0,6.4958,2,0,2,35,3101267,2,84,0,6,19,0,2,54.0,113,0.4021739130434782
1,3,2.0,0,1,12.2875,2,1,2,35,3101298,2,84,1,6,19,1,2,6.0,113,0.4021739130434782
1,2,34.0,0,0,13.0,2,1,1,35,243880,3,72,1,1,4,1,0,68.0,104,0.3647058823529411
1,3,3.0,4,2,31.3875,2,3,7,35,347077,3,78,0,6,19,5,1,9.0,54,0.0681818181818181
1,1,58.0,0,0,146.5208,0,1,1,15,17569,1,46,1,3,9,2,0,58.0,109,0.5365853658536586
0,3,32.0,0,0,7.75,1,0,1,35,370376,3,81,0,1,5,0,0,96.0,324,0.2137404580152671
1,3,31.0,0,0,7.925,2,0,1,33,3101288,2,84,0,1,5,0,0,93.0,324,0.2137404580152671
1,3,30.0,0,0,7.775,2,0,1,35,312991,3,75,0,0,2,0,0,90.0,324,0.2137404580152671
1,2,27.0,1,0,13.8583,0,1,2,26,2149,0,11,1,0,1,1,2,54.0,78,0.625
0,3,11.0,5,2,46.9,2,3,8,8,2144,0,11,0,6,19,6,1,33.0,54,0.0681818181818181
0,2,23.0,0,0,13.0,2,0,1,35,29751,1,56,0,0,1,1,0,46.0,104,0.3647058823529411
0,1,40.0,0,0,0.0,2,0,1,35,112059,3,68,0,1,3,0,0,40.0,109,0.5365853658536586
0,3,30.0,0,0,7.2292,0,0,1,35,2686,0,15,0,0,2,0,0,90.0,324,0.2137404580152671
0,3,28.0,0,0,7.8958,2,1,1,35,349245,3,78,1,0,2,0,0,84.0,324,0.2137404580152671
1,2,28.0,0,0,13.0,2,2,1,35,230434,3,71,1,0,1,1,0,56.0,104,0.3647058823529411
0,3,30.0,1,0,19.9667,2,0,2,35,65304,1,67,0,0,2,1,2,90.0,113,0.4021739130434782
0,3,19.0,0,0,10.1708,2,0,1,35,349228,3,78,0,6,19,1,0,57.0,324,0.2137404580152671
0,3,30.0,1,1,24.15,2,2,3,35,345773,3,78,1,0,2,3,2,90.0,113,0.4021739130434782
0,3,20.0,0,0,7.8542,2,0,1,35,350050,3,79,0,6,19,0,0,60.0,324,0.2137404580152671
0,3,28.0,0,0,56.4958,2,0,1,35,1601,0,8,0,0,2,7,0,84.0,324,0.2137404580152671
0,3,36.0,0,0,0.0,2,0,1,13,0,4,0,0,1,5,0,0,108.0,324,0.2137404580152671
0,3,30.0,0,0,8.05,2,0,1,3,2466,0,14,0,0,2,0,0,90.0,324,0.2137404580152671
1,1,24.0,3,2,263.0,2,1,6,35,19950,1,48,1,0,0,4,1,24.0,6,0.6
0,3,28.5,0,0,7.2292,0,0,1,35,2697,0,15,0,0,2,0,0,85.5,324,0.2137404580152671
1,3,24.0,0,3,19.2583,0,2,4,35,2666,0,15,1,0,2,1,2,72.0,113,0.4021739130434782
0,2,42.0,0,0,13.0,2,0,1,35,244310,3,72,0,2,7,1,0,84.0,104,0.3647058823529411
0,1,54.0,0,1,77.2875,2,0,2,35,35281,1,60,0,3,9,9,2,54.0,101,0.6842105263157895
0,3,25.0,0,0,7.7417,1,0,1,35,36864,1,61,0,0,2,0,0,75.0,324,0.2137404580152671
0,3,7.0,4,1,39.6875,2,3,6,35,3101295,2,84,0,6,19,5,1,21.0,54,0.0681818181818181
0,3,25.0,1,0,17.8,2,0,2,35,349237,3,78,0,0,2,1,2,75.0,113,0.4021739130434782
1,3,27.0,0,1,12.475,2,2,2,35,392096,3,83,1,0,2,1,2,81.0,113,0.4021739130434782
1,3,24.0,1,0,15.85,2,2,2,33,3101279,2,84,1,0,2,1,2,72.0,113,0.4021739130434782
0,3,30.0,0,0,7.25,2,0,1,35,323592,3,76,0,0,2,0,0,90.0,324,0.2137404580152671
1,2,28.0,0,0,12.65,2,2,1,35,240929,3,72,1,0,1,1,0,56.0,104,0.3647058823529411
0,3,19.0,0,0,14.5,2,0,1,35,358585,3,79,0,6,19,1,0,57.0,324,0.2137404580152671
0,3,22.0,0,0,7.25,2,0,1,3,21172,1,50,0,0,2,0,0,66.0,324,0.2137404580152671
1,3,35.0,0,0,7.225,0,2,1,35,2649,0,15,1,1,5,0,0,105.0,324,0.2137404580152671
0,3,21.0,8,2,69.55,2,1,11,9,2343,0,13,1,0,2,8,1,63.0,54,0.0681818181818181
1,1,42.0,0,0,26.2875,2,0,1,15,17476,1,46,0,2,6,3,0,42.0,109,0.5365853658536586
0,2,50.0,0,0,13.0,2,0,1,35,250643,3,73,0,2,7,1,0,100.0,104,0.3647058823529411
1,2,3.0,1,1,18.75,2,3,3,35,29106,1,56,0,6,18,1,2,6.0,78,0.625
0,1,30.0,0,0,227.525,0,0,1,15,17757,1,46,0,0,0,4,0,30.0,109,0.5365853658536586
0,3,18.0,2,0,18.0,2,1,3,35,345764,3,78,1,6,19,1,2,54.0,113,0.4021739130434782
0,3,18.0,1,1,7.8542,2,0,3,35,350404,3,79,0,6,19,0,2,54.0,113,0.4021739130434782
0,1,44.0,2,0,90.0,1,0,3,35,19928,1,48,0,2,6,11,2,44.0,101,0.6842105263157895
1,1,30.0,0,0,30.0,2,0,1,35,16988,1,45,0,0,0,5,0,30.0,109,0.5365853658536586
0,1,30.0,0,0,42.4,2,0,1,35,113796,3,68,0,0,0,6,0,30.0,109,0.5365853658536586
0,3,30.0,1,0,24.15,1,0,2,35,371110,3,81,0,0,2,3,2,90.0,113,0.4021739130434782
0,3,16.0,0,0,7.775,2,0,1,35,347074,3,78,0,6,19,0,0,48.0,324,0.2137404580152671
0,3,30.0,0,0,7.3125,2,0,1,12,265302,3,74,0,0,2,0,0,90.0,324,0.2137404580152671
0,3,22.0,0,0,7.8958,2,0,1,35,349206,3,78,0,0,2,0,0,66.0,324,0.2137404580152671
1,2,4.0,1,1,23.0,2,1,3,35,29103,1,56,1,6,18,3,2,8.0,78,0.625
1,2,30.0,0,0,13.0,2,0,1,35,244373,3,72,0,0,1,1,0,60.0,104,0.3647058823529411
1,3,24.0,0,0,7.1417,2,0,1,5,17369,1,46,0,0,2,0,0,72.0,324,0.2137404580152671
1,2,30.0,0,0,12.35,1,1,1,35,234818,3,71,1,0,1,1,0,60.0,104,0.3647058823529411
1,3,29.0,0,2,15.2458,0,2,3,35,2650,0,15,1,0,2,1,2,87.0,113,0.4021739130434782
0,3,24.0,0,0,9.5,2,0,1,35,345781,3,78,0,0,2,0,0,72.0,324,0.2137404580152671
1,1,45.0,1,1,164.8667,2,2,3,35,36928,1,61,1,2,6,2,2,45.0,101,0.6842105263157895
1,2,32.0,0,0,13.0,2,2,1,35,234604,3,71,1,1,4,1,0,64.0,104,0.3647058823529411
0,3,21.0,0,0,7.925,2,0,1,33,3101294,2,84,0,0,2,0,0,63.0,324,0.2137404580152671
1,1,35.0,0,0,512.3292,0,0,1,15,17755,1,46,0,1,3,4,0,35.0,109,0.5365853658536586
0,3,21.0,8,2,69.55,2,1,11,9,2343,0,13,1,0,2,8,1,63.0,54,0.0681818181818181
1,3,30.0,2,0,23.25,1,0,3,35,367226,3,80,0,0,2,3,2,90.0,113,0.4021739130434782
1,1,36.0,0,1,512.3292,0,0,2,15,17755,1,46,0,1,3,4,2,36.0,101,0.6842105263157895
0,3,41.0,0,5,39.6875,2,2,6,35,3101295,2,84,1,2,8,5,1,123.0,54,0.0681818181818181
1,3,23.0,0,0,7.55,2,1,1,9,2314,0,13,1,0,2,0,0,69.0,324,0.2137404580152671
0,3,34.0,1,1,14.4,2,0,3,35,347080,3,78,0,1,5,1,2,102.0,113,0.4021739130434782
1,2,21.0,0,0,33.0,2,1,1,35,248727,3,72,1,0,1,5,0,42.0,104,0.3647058823529411
0,3,30.0,0,0,24.15,1,0,1,35,371110,3,81,0,0,2,3,0,90.0,324,0.2137404580152671
1,3,15.0,0,0,7.225,0,1,1,35,2667,0,15,1,6,19,0,0,45.0,324,0.2137404580152671
0,3,30.0,0,0,8.05,2,0,1,17,23567,1,51,0,0,2,0,0,90.0,324,0.2137404580152671
0,3,18.0,0,0,7.775,2,1,1,35,347087,3,78,1,6,19,0,0,54.0,324,0.2137404580152671
0,3,30.0,0,0,8.05,2,0,1,32,392090,3,83,0,0,2,0,0,90.0,324,0.2137404580152671
0,2,32.0,2,0,73.5,2,0,3,20,14879,1,44,0,1,4,9,2,64.0,78,0.625
0,3,4.0,4,1,29.125,1,3,6,35,382652,3,82,0,6,19,3,1,12.0,54,0.0681818181818181
0,3,2.0,4,1,29.125,1,3,6,35,382652,3,82,0,6,19,3,1,6.0,54,0.0681818181818181
0,3,30.0,0,0,8.05,2,0,1,32,3101316,2,84,0,0,2,0,0,90.0,324,0.2137404580152671
0,3,30.0,2,0,21.6792,0,0,3,35,2662,0,15,0,0,2,3,2,90.0,113,0.4021739130434782
1,1,48.0,0,0,25.9292,2,2,1,35,17466,1,46,1,2,6,3,0,48.0,109,0.5365853658536586
0,3,31.0,0,0,7.75,1,0,1,35,335097,3,77,0,1,5,0,0,93.0,324,0.2137404580152671
0,1,47.0,0,0,34.0208,2,0,1,35,36967,1,61,0,2,6,5,0,47.0,109,0.5365853658536586
0,3,26.0,1,0,16.1,2,2,2,3,3336,0,21,1,0,2,1,2,78.0,113,0.4021739130434782
0,3,9.0,5,2,46.9,2,3,8,8,2144,0,11,0,6,19,6,1,27.0,54,0.0681818181818181
1,3,19.0,0,0,8.05,2,0,1,3,10482,1,40,0,6,19,0,0,57.0,324,0.2137404580152671
0,3,30.0,0,0,8.05,2,0,1,2,3235,0,20,0,0,2,0,0,90.0,324,0.2137404580152671
0,3,22.0,0,0,9.35,2,0,1,16,4348,0,27,0,0,2,0,0,66.0,324,0.2137404580152671
0,3,30.0,0,0,7.225,0,0,1,35,2631,0,15,0,0,2,0,0,90.0,324,0.2137404580152671
0,2,28.0,0,1,33.0,2,0,2,35,248727,3,72,0,0,1,5,2,56.0,78,0.625
1,2,24.0,2,3,18.75,2,2,6,35,29106,1,56,1,0,1,1,1,48.0,2,1.0
0,3,17.0,0,0,8.6625,2,0,1,35,315090,3,75,0,6,19,0,0,51.0,324,0.2137404580152671
0,3,30.0,1,0,15.5,1,0,2,35,370365,3,81,0,0,2,1,2,90.0,113,0.4021739130434782
0,3,21.0,3,1,25.4667,2,1,5,35,4133,0,26,1,0,2,3,1,63.0,54,0.0681818181818181
0,3,21.0,0,0,8.05,2,0,1,2,2152,0,11,0,0,2,0,0,63.0,324,0.2137404580152671
1,1,51.0,0,0,26.55,2,0,1,35,113055,3,68,0,3,9,3,0,51.0,109,0.5365853658536586
0,3,3.0,3,1,21.075,2,1,5,35,349909,3,78,1,6,19,3,1,9.0,54,0.0681818181818181
1,3,0.75,2,1,19.2583,0,1,4,35,2666,0,15,1,6,19,1,2,2.25,113,0.4021739130434782
0,3,30.0,0,0,7.2292,0,0,1,35,2629,0,15,0,0,2,0,0,90.0,324,0.2137404580152671
0,3,34.0,0,0,8.05,2,0,1,35,363294,3,80,0,1,5,0,0,102.0,324,0.2137404580152671
1,2,18.0,0,1,23.0,2,1,2,35,231919,3,71,1,6,18,3,2,36.0,78,0.625
1,1,44.0,0,0,27.7208,0,2,1,15,17610,1,46,1,2,6,3,0,44.0,109,0.5365853658536586
0,3,30.0,0,0,14.5,2,0,1,35,358585,3,79,0,0,2,1,0,90.0,324,0.2137404580152671
0,3,30.0,0,0,9.5,2,0,1,35,345777,3,78,0,0,2,0,0,90.0,324,0.2137404580152671
0,3,37.0,0,0,9.5875,2,1,1,35,4135,0,26,1,1,5,0,0,111.0,324,0.2137404580152671
0,2,21.0,1,0,11.5,2,0,2,35,28134,1,55,0,0,1,1,2,42.0,78,0.625
0,1,36.0,1,0,78.85,2,0,2,35,19877,1,48,0,1,3,9,2,36.0,101,0.6842105263157895
1,3,32.0,0,0,7.925,2,0,1,33,3101286,2,84,0,1,5,0,0,96.0,324,0.2137404580152671
0,3,21.0,1,2,23.45,2,1,4,36,6607,0,33,1,0,2,3,2,63.0,113,0.4021739130434782
0,3,26.0,0,0,7.775,2,0,1,35,347068,3,78,0,0,2,0,0,78.0,324,0.2137404580152671
1,1,80.0,0,0,30.0,2,0,1,35,27042,1,54,0,5,15,5,0,80.0,109,0.5365853658536586
0,3,55.5,0,0,8.05,2,0,1,1,11206,1,41,0,3,11,0,0,166.5,324,0.2137404580152671
0,2,60.0,1,1,39.0,2,0,3,35,29750,1,56,0,3,10,5,2,120.0,78,0.625
0,3,30.0,0,0,7.7333,1,0,1,35,334912,3,77,0,0,2,0,0,90.0,324,0.2137404580152671
0,3,18.0,0,0,7.775,2,0,1,35,349912,3,78,0,6,19,0,0,54.0,324,0.2137404580152671
0,3,14.5,1,0,14.4542,0,1,2,35,2665,0,15,1,6,19,1,2,43.5,113,0.4021739130434782
1,2,19.0,0,0,10.5,2,0,1,34,751,5,4,0,6,18,1,0,38.0,104,0.3647058823529411
1,2,4.0,2,1,39.0,2,1,4,35,230136,3,71,1,6,18,5,2,8.0,78,0.625
0,3,33.0,0,0,8.6542,2,0,1,35,7540,0,36,0,1,5,0,0,99.0,324,0.2137404580152671
0,3,21.0,0,0,7.7333,1,0,1,3,13032,1,43,0,0,2,0,0,63.0,324,0.2137404580152671
0,3,10.0,0,2,24.15,2,1,3,35,345773,3,78,1,6,19,3,2,30.0,113,0.4021739130434782
0,2,47.0,0,0,15.0,2,0,1,35,237565,3,71,0,2,7,1,0,94.0,104,0.3647058823529411
0,3,2.0,4,2,31.275,2,1,7,35,347082,3,78,1,6,19,5,1,6.0,54,0.0681818181818181
1,2,29.0,1,0,26.0,2,2,2,35,2926,0,18,1,0,1,3,2,58.0,78,0.625
1,1,22.0,1,0,66.6,2,2,2,35,113776,3,68,1,0,0,8,2,22.0,101,0.6842105263157895
0,3,28.0,1,0,15.85,2,0,2,33,3101279,2,84,0,0,2,1,2,84.0,113,0.4021739130434782
1,1,30.0,0,0,29.7,0,0,1,35,11774,1,41,0,0,0,3,0,30.0,109,0.5365853658536586
1,3,26.0,0,0,18.7875,0,0,1,35,2699,0,15,0,0,2,1,0,78.0,324,0.2137404580152671
0,3,33.0,0,0,9.5,2,0,1,35,345780,3,78,0,1,5,0,0,99.0,324,0.2137404580152671
1,2,27.0,0,0,10.5,2,1,1,35,34218,1,59,1,0,1,1,0,54.0,104,0.3647058823529411
1,3,27.0,0,2,11.1333,2,2,3,35,347742,3,78,1,0,2,1,2,81.0,113,0.4021739130434782
0,2,34.0,0,0,13.0,2,0,1,35,12233,1,42,0,1,4,1,0,68.0,104,0.3647058823529411
1,3,30.0,0,0,7.2292,0,0,1,35,2677,0,15,0,0,2,0,0,90.0,324,0.2137404580152671
0,1,30.0,0,0,27.75,0,0,1,35,113051,3,68,0,0,0,3,0,30.0,109,0.5365853658536586
0,3,30.0,1,0,16.1,2,0,2,3,3336,0,21,0,0,2,1,2,90.0,113,0.4021739130434782
1,2,21.0,0,0,12.35,1,1,1,35,226593,3,70,1,0,1,1,0,42.0,104,0.3647058823529411
0,3,30.0,0,0,7.775,2,0,1,35,312993,3,75,0,0,2,0,0,90.0,324,0.2137404580152671
1,1,53.0,2,0,51.4792,2,2,3,35,11769,1,41,1,3,9,7,2,53.0,101,0.6842105263157895
0,3,32.0,0,0,7.925,2,0,1,33,3101292,2,84,0,1,5,0,0,96.0,324,0.2137404580152671
0,2,52.0,0,0,13.0,2,0,1,35,250647,3,73,0,3,10,1,0,104.0,104,0.3647058823529411
0,1,52.0,1,1,79.65,2,0,3,35,110413,3,68,0,3,9,9,2,52.0,101,0.6842105263157895
0,3,39.0,1,5,31.275,2,2,7,35,347082,3,78,1,1,5,5,1,117.0,54,0.0681818181818181
0,1,2.0,1,2,151.55,2,1,4,35,113781,3,68,1,6,17,2,2,2.0,101,0.6842105263157895
1,3,44.0,0,0,7.925,2,0,1,33,3101269,2,84,0,2,8,0,0,132.0,324,0.2137404580152671
0,2,51.0,0,0,12.525,2,0,1,21,1166,0,6,0,3,10,1,0,102.0,104,0.3647058823529411
0,2,39.0,0,0,26.0,2,0,1,35,250655,3,73,0,1,4,3,0,78.0,104,0.3647058823529411
0,1,46.0,0,0,79.2,0,0,1,15,17593,1,46,0,2,6,9,0,46.0,109,0.5365853658536586
1,1,17.0,0,2,110.8833,0,0,3,35,17421,1,46,0,6,17,2,2,17.0,101,0.6842105263157895
0,3,30.0,0,0,8.05,2,0,1,1,18509,1,47,0,0,2,0,0,90.0,324,0.2137404580152671
0,3,9.0,2,2,34.375,2,1,5,36,6608,0,33,1,6,19,5,1,27.0,54,0.0681818181818181
1,3,27.0,0,0,7.7958,2,0,1,35,350043,3,79,0,0,2,0,0,81.0,324,0.2137404580152671
0,3,21.0,0,0,8.6625,2,0,1,35,315097,3,75,0,0,2,0,0,63.0,324,0.2137404580152671
0,3,30.0,0,0,56.4958,2,0,1,35,1601,0,8,0,0,2,7,0,90.0,324,0.2137404580152671
0,3,26.0,0,0,7.8958,2,0,1,35,349248,3,78,0,0,2,0,0,78.0,324,0.2137404580152671
1,3,3.0,1,1,15.9,2,3,3,6,37671,1,62,0,6,19,1,2,9.0,113,0.4021739130434782
0,2,48.0,0,0,13.0,2,0,1,35,234360,3,71,0,2,7,1,0,96.0,104,0.3647058823529411
1,1,36.0,0,0,135.6333,0,1,1,15,17760,1,46,1,1,3,2,0,36.0,109,0.5365853658536586
1,3,35.0,1,0,15.5,1,2,2,35,370365,3,81,1,1,5,1,2,105.0,113,0.4021739130434782
1,2,32.5,0,0,13.0,2,1,1,35,27267,1,54,1,1,4,1,0,65.0,104,0.3647058823529411
1,1,33.0,0,0,86.5,2,2,1,35,110152,3,68,1,1,3,10,0,33.0,109,0.5365853658536586
1,2,22.0,1,2,41.5792,0,2,4,27,2123,0,11,1,0,1,6,2,44.0,78,0.625
0,3,19.0,0,0,6.75,1,0,1,35,365222,3,80,0,6,19,0,0,57.0,324,0.2137404580152671
0,3,74.0,0,0,7.775,2,0,1,35,347060,3,78,0,5,16,0,0,222.0,324,0.2137404580152671
0,3,42.0,0,1,8.4042,2,0,2,35,4579,0,28,0,2,8,0,2,126.0,113,0.4021739130434782
1,1,40.0,0,0,153.4625,2,1,1,15,17582,1,46,1,1,3,2,0,40.0,109,0.5365853658536586
1,3,35.0,1,1,20.25,2,2,3,6,2673,0,15,1,1,5,3,2,105.0,113,0.4021739130434782
0,3,24.0,0,0,8.85,2,1,1,35,349236,3,78,1,0,2,0,0,72.0,324,0.2137404580152671
1,3,39.0,0,0,7.925,2,0,1,33,3101289,2,84,0,1,5,0,0,117.0,324,0.2137404580152671
0,2,32.5,1,0,30.0708,0,0,2,35,237736,3,71,0,1,4,5,2,65.0,78,0.625
1,2,1.0,2,1,39.0,2,3,4,35,230136,3,71,0,6,18,5,2,2.0,78,0.625
0,3,34.0,0,0,6.4958,2,0,1,35,3101264,2,84,0,1,5,0,0,102.0,324,0.2137404580152671
0,1,64.0,1,4,263.0,2,0,6,35,19950,1,48,0,4,12,4,1,64.0,6,0.6
0,3,25.0,0,0,7.775,2,1,1,35,347071,3,78,1,0,2,0,0,75.0,324,0.2137404580152671
0,3,35.0,0,0,8.05,2,2,1,35,343095,3,78,1,1,5,0,0,105.0,324,0.2137404580152671
1,3,1.0,1,2,20.575,2,3,4,6,2315,0,13,0,6,19,3,2,3.0,113,0.4021739130434782
0,3,45.0,0,0,6.975,2,0,1,35,347061,3,78,0,2,8,0,0,135.0,324,0.2137404580152671
0,2,31.0,1,1,26.25,2,0,3,6,31921,1,57,0,1,4,3,2,62.0,78,0.625
0,3,21.0,1,0,9.825,2,1,2,35,4137,0,26,1,0,2,0,2,63.0,113,0.4021739130434782
0,3,25.0,0,0,7.8958,2,0,1,35,349203,3,78,0,0,2,0,0,75.0,324,0.2137404580152671
1,1,15.0,0,1,211.3375,2,1,2,35,24160,1,52,1,6,17,4,2,15.0,101,0.6842105263157895
0,3,26.0,0,0,7.8875,2,0,1,35,3474,0,22,0,0,2,0,0,78.0,324,0.2137404580152671
0,2,30.0,0,0,10.5,2,0,1,38,14208,1,44,0,0,1,1,0,60.0,104,0.3647058823529411
1,1,24.0,0,0,69.3,0,1,1,15,17477,1,46,1,0,0,8,0,24.0,109,0.5365853658536586
0,2,35.0,0,0,10.5,2,0,1,35,28206,1,55,0,1,4,1,0,70.0,104,0.3647058823529411
0,2,70.0,0,0,10.5,2,0,1,6,24580,1,52,0,4,13,1,0,140.0,104,0.3647058823529411
0,1,30.0,0,0,0.0,2,0,1,35,112058,3,68,0,0,0,0,0,30.0,109,0.5365853658536586
0,3,21.0,0,0,16.1,2,0,1,35,54636,1,66,0,0,2,1,0,63.0,324,0.2137404580152671
1,3,18.0,0,1,9.35,2,2,2,35,392091,3,83,1,6,19,0,2,54.0,113,0.4021739130434782
0,3,21.0,0,0,8.1375,1,1,1,35,330935,3,77,1,0,2,0,0,63.0,324,0.2137404580152671
0,3,1.0,5,2,46.9,2,3,8,8,2144,0,11,0,6,19,6,1,3.0,54,0.0681818181818181
0,3,21.0,8,2,69.55,2,1,11,9,2343,0,13,1,0,2,8,1,63.0,54,0.0681818181818181
1,3,26.0,0,0,56.4958,2,0,1,35,1601,0,8,0,0,2,7,0,78.0,324,0.2137404580152671
1,3,25.0,1,0,7.775,2,0,2,35,347083,3,78,0,0,2,0,2,75.0,113,0.4021739130434782
0,2,30.0,0,0,0.0,2,0,1,35,239855,3,71,0,0,1,0,0,60.0,104,0.3647058823529411
0,3,20.0,0,0,9.5,2,0,1,35,345769,3,78,0,6,19,0,0,60.0,324,0.2137404580152671
1,1,54.0,1,0,78.2667,0,1,2,35,36947,1,61,1,3,9,9,2,54.0,101,0.6842105263157895
0,3,22.0,0,0,8.05,2,0,1,35,324669,3,76,0,0,2,0,0,66.0,324,0.2137404580152671
0,2,59.0,0,0,13.5,2,0,1,35,237442,3,71,0,3,10,1,0,118.0,104,0.3647058823529411
1,2,54.0,1,3,23.0,2,2,5,35,29105,1,56,1,3,10,3,1,108.0,2,1.0
1,1,27.0,0,0,30.5,2,0,1,35,113804,3,68,0,0,0,5,0,27.0,109,0.5365853658536586
0,1,31.0,1,0,52.0,2,0,2,10,12750,1,42,0,1,3,7,2,31.0,101,0.6842105263157895
0,1,22.0,0,0,135.6333,0,0,1,15,17760,1,46,0,0,0,2,0,22.0,109,0.5365853658536586
0,1,33.0,0,0,5.0,2,0,1,35,695,5,3,0,1,3,0,0,33.0,109,0.5365853658536586
1,3,6.0,0,1,12.475,2,3,2,35,392096,3,83,0,6,19,1,2,18.0,113,0.4021739130434782
1,3,5.0,4,2,31.3875,2,1,7,35,347077,3,78,1,6,19,5,1,15.0,54,0.0681818181818181
0,1,39.0,0,0,0.0,2,0,1,35,112050,3,68,0,1,3,0,0,39.0,109,0.5365853658536586
0,3,24.5,0,0,8.05,2,0,1,35,342826,3,78,0,0,2,0,0,73.5,324,0.2137404580152671
0,2,54.0,0,0,14.0,2,0,1,35,29011,1,56,0,3,10,1,0,108.0,104,0.3647058823529411
0,3,30.0,0,0,7.55,2,0,1,19,751,5,4,0,0,2,0,0,90.0,324,0.2137404580152671
0,3,30.0,0,0,7.8958,2,0,1,35,349222,3,78,0,0,2,0,0,90.0,324,0.2137404580152671
0,3,30.0,0,0,7.2292,0,0,1,35,2685,0,15,0,0,2,0,0,90.0,324,0.2137404580152671
1,3,21.0,0,0,7.8792,1,1,1,35,330931,3,77,1,0,2,0,0,63.0,324,0.2137404580152671
1,1,35.0,0,0,512.3292,0,1,1,15,17755,1,46,1,1,3,4,0,35.0,109,0.5365853658536586
1,1,21.0,0,0,77.9583,2,1,1,35,13502,1,43,1,0,0,9,0,21.0,109,0.5365853658536586
1,1,32.0,0,0,30.5,0,0,1,35,13214,1,43,0,1,3,5,0,32.0,109,0.5365853658536586
0,3,16.0,0,0,9.5,2,0,1,35,345778,3,78,0,6,19,0,0,48.0,324,0.2137404580152671
1,3,22.0,0,0,7.25,2,1,1,5,7077,0,34,1,0,2,0,0,66.0,324,0.2137404580152671
0,3,30.0,0,0,7.8958,2,0,1,35,349227,3,78,0,0,2,0,0,90.0,324,0.2137404580152671
1,1,38.0,1,0,90.0,2,0,2,35,19943,1,48,0,1,3,11,2,38.0,101,0.6842105263157895
0,3,30.0,8,2,69.55,2,0,11,9,2343,0,13,0,0,2,8,1,90.0,54,0.0681818181818181
0,2,25.0,1,0,26.0,2,0,2,35,236853,3,71,0,0,1,3,2,50.0,78,0.625
1,2,33.0,1,2,27.75,2,2,4,6,34651,1,59,1,1,4,3,2,66.0,78,0.625
1,3,35.0,1,0,16.1,2,2,2,35,386525,3,82,1,1,5,1,2,105.0,113,0.4021739130434782
0,1,18.0,1,0,108.9,0,0,2,15,17758,1,46,0,6,17,2,2,18.0,101,0.6842105263157895
0,3,30.0,1,0,16.1,2,0,2,35,376564,3,81,0,0,2,1,2,90.0,113,0.4021739130434782
0,3,30.0,0,0,7.8958,2,0,1,35,349217,3,78,0,0,2,0,0,90.0,324,0.2137404580152671
0,3,2.0,4,1,39.6875,2,3,6,35,3101295,2,84,0,6,19,5,1,6.0,54,0.0681818181818181
1,3,0.42,0,1,8.5167,0,3,2,35,2625,0,15,0,6,19,0,2,1.26,113,0.4021739130434782
0,2,26.0,0,0,10.5,2,0,1,35,31028,1,57,0,0,1,1,0,52.0,104,0.3647058823529411
0,3,41.0,0,0,7.125,2,0,1,30,3101272,2,84,0,2,8,0,0,123.0,324,0.2137404580152671
1,1,48.0,1,0,76.7292,0,0,2,15,17572,1,46,0,2,6,9,2,48.0,101,0.6842105263157895
1,2,48.0,1,2,65.0,2,2,4,35,220845,3,70,1,2,7,8,2,96.0,78,0.625
1,1,48.0,1,0,39.6,0,1,2,35,11755,1,41,1,2,6,5,2,48.0,101,0.6842105263157895
0,3,4.0,4,2,31.275,2,3,7,35,347082,3,78,0,6,19,5,1,12.0,54,0.0681818181818181
1,1,39.0,1,0,55.9,2,2,2,35,13507,1,43,1,1,3,7,2,39.0,101,0.6842105263157895
1,3,33.0,3,0,15.85,2,2,4,35,3101278,2,84,1,1,5,1,2,99.0,113,0.4021739130434782
0,2,29.0,0,0,10.5,2,0,1,36,14263,1,44,0,0,1,1,0,58.0,104,0.3647058823529411
0,1,49.0,1,1,110.8833,0,0,3,35,17421,1,46,0,2,6,2,2,49.0,101,0.6842105263157895
0,3,3.5,8,2,69.55,2,3,11,9,2343,0,13,0,6,19,8,1,10.5,54,0.0681818181818181
0,3,30.0,0,0,7.2292,0,0,1,35,2700,0,16,0,0,2,0,0,90.0,324,0.2137404580152671
0,1,42.0,1,0,52.0,2,0,2,35,113789,3,68,0,2,6,7,2,42.0,101,0.6842105263157895
1,1,36.0,0,2,71.0,2,1,3,39,5735,0,30,1,1,3,9,2,36.0,101,0.6842105263157895
0,1,61.0,0,0,33.5,2,0,1,35,111240,3,68,0,4,12,5,0,61.0,109,0.5365853658536586
0,3,18.0,0,0,6.75,1,1,1,35,365226,3,80,1,6,19,0,0,54.0,324,0.2137404580152671
1,3,18.0,0,0,7.4958,2,1,1,35,3101265,2,84,1,6,19,0,0,54.0,324,0.2137404580152671
1,2,0.67,1,1,14.5,2,3,3,35,250649,3,73,0,6,18,1,2,1.34,78,0.625
1,3,32.0,0,0,56.4958,2,0,1,35,1601,0,8,0,1,5,7,0,96.0,324,0.2137404580152671
0,3,30.0,0,0,8.05,2,0,1,35,374910,3,81,0,0,2,0,0,90.0,324,0.2137404580152671
0,3,30.0,0,0,8.05,2,0,1,32,392082,3,83,0,0,2,0,0,90.0,324,0.2137404580152671
0,3,21.0,1,0,14.4542,0,1,2,35,2665,0,15,1,0,2,1,2,63.0,113,0.4021739130434782
0,3,16.0,0,0,8.05,2,0,1,3,20589,1,49,0,6,19,0,0,48.0,324,0.2137404580152671
1,1,31.0,1,0,57.0,2,0,2,35,17474,1,46,0,1,3,7,2,31.0,101,0.6842105263157895
1,1,48.0,0,0,26.55,2,0,1,35,19952,1,48,0,2,6,3,0,48.0,109,0.5365853658536586
1,3,22.0,0,0,7.225,0,0,1,35,2620,0,15,0,0,2,0,0,66.0,324,0.2137404580152671
1,3,13.0,0,0,7.2292,0,1,1,35,2687,0,15,1,6,19,0,0,39.0,324,0.2137404580152671
0,3,32.0,1,0,15.85,2,0,2,35,3101278,2,84,0,1,5,1,2,96.0,113,0.4021739130434782
0,3,28.0,2,0,7.925,2,0,3,35,3101277,2,84,0,0,2,0,2,84.0,113,0.4021739130434782
0,2,46.0,0,0,26.0,2,0,1,35,28403,1,55,0,2,7,3,0,92.0,104,0.3647058823529411
0,3,28.0,0,0,7.7958,2,0,1,35,350042,3,79,0,0,2,0,0,84.0,324,0.2137404580152671
0,2,42.0,1,0,27.0,2,0,2,35,243847,3,72,0,2,7,3,2,84.0,78,0.625
0,3,35.0,0,0,8.05,2,0,1,35,373450,3,81,0,1,5,0,0,105.0,324,0.2137404580152671
0,3,2.0,3,2,27.9,2,1,6,35,347088,3,78,1,6,19,3,1,6.0,54,0.0681818181818181
1,3,31.0,0,0,8.6833,2,2,1,35,349244,3,78,1,1,5,0,0,93.0,324,0.2137404580152671
1,3,21.0,1,0,15.5,1,1,2,35,367230,3,80,1,0,2,1,2,63.0,113,0.4021739130434782
0,3,30.0,0,0,7.8958,2,0,1,35,349201,3,78,0,0,2,0,0,90.0,324,0.2137404580152671
1,2,19.0,1,0,26.0,2,2,2,35,2908,0,18,1,6,18,3,2,38.0,78,0.625
0,3,20.0,0,0,8.6625,2,0,1,35,315094,3,75,0,6,19,0,0,60.0,324,0.2137404580152671
0,3,14.0,5,2,46.9,2,0,8,8,2144,0,11,0,6,19,6,1,42.0,54,0.0681818181818181
1,2,34.0,0,1,23.0,2,2,2,35,231919,3,71,1,1,4,3,2,68.0,78,0.625
1,3,21.0,0,0,7.7375,1,1,1,35,36866,1,61,1,0,2,0,0,63.0,324,0.2137404580152671
1,3,21.0,0,0,7.75,1,1,1,35,14312,1,44,1,0,2,0,0,63.0,324,0.2137404580152671
0,3,51.0,0,0,7.75,2,0,1,35,347064,3,78,0,3,11,0,0,153.0,324,0.2137404580152671
0,3,21.0,0,0,7.6292,1,1,1,35,330909,3,77,1,0,2,0,0,63.0,324,0.2137404580152671
1,3,21.0,0,0,7.75,1,1,1,35,14311,1,44,1,0,2,0,0,63.0,324,0.2137404580152671
1,3,21.0,0,0,7.75,1,1,1,35,335677,3,77,1,0,2,0,0,63.0,324,0.2137404580152671
0,3,28.0,0,0,9.5,2,0,1,35,345770,3,78,0,0,2,0,0,84.0,324,0.2137404580152671
0,2,25.0,0,0,13.0,2,0,1,6,29178,1,56,0,0,1,1,0,50.0,104,0.3647058823529411
0,1,19.0,3,2,263.0,2,0,6,35,19950,1,48,0,6,17,4,1,19.0,6,0.6
0,3,35.0,0,0,7.8958,0,0,1,35,349213,3,78,0,1,5,0,0,105.0,324,0.2137404580152671
1,1,35.0,1,0,83.475,2,2,2,35,36973,1,61,1,1,3,10,2,35.0,101,0.6842105263157895
1,3,9.0,1,1,15.9,2,3,3,6,37671,1,62,0,6,19,1,2,27.0,113,0.4021739130434782
0,3,20.0,0,0,4.0125,0,0,1,35,2648,0,15,0,6,19,0,0,60.0,324,0.2137404580152671
1,2,42.0,0,0,13.0,2,0,1,35,237798,3,71,0,2,7,1,0,84.0,104,0.3647058823529411
0,2,30.0,0,0,13.0,2,0,1,35,28228,1,55,0,0,1,1,0,60.0,104,0.3647058823529411
0,2,30.0,0,0,0.0,2,0,1,35,239856,3,71,0,0,1,0,0,60.0,104,0.3647058823529411
1,3,21.0,0,0,7.7958,2,0,1,35,350034,3,79,0,0,2,0,0,63.0,324,0.2137404580152671
0,3,47.0,0,0,7.25,2,0,1,3,3902,0,24,0,2,8,0,0,141.0,324,0.2137404580152671
0,1,25.0,1,2,151.55,2,2,4,35,113781,3,68,1,0,0,2,2,25.0,101,0.6842105263157895
0,3,16.0,0,0,9.2167,2,0,1,35,7534,0,36,0,6,19,0,0,48.0,324,0.2137404580152671
0,1,45.0,1,0,83.475,2,0,2,35,36973,1,61,0,2,6,10,2,45.0,101,0.6842105263157895
0,3,38.0,0,0,8.6625,2,0,1,35,315089,3,75,0,1,5,0,0,114.0,324,0.2137404580152671
1,1,56.0,0,0,35.5,0,0,1,35,13213,1,43,0,3,9,5,0,56.0,109,0.5365853658536586
1,3,21.0,1,1,22.3583,0,1,3,35,2668,0,15,1,0,2,3,2,63.0,113,0.4021739130434782
0,1,31.0,0,0,50.4958,2,0,1,15,17590,1,46,0,1,3,7,0,31.0,109,0.5365853658536586
1,1,30.0,0,0,93.5,2,1,1,35,12749,1,42,1,0,0,11,0,30.0,109,0.5365853658536586
0,1,30.0,0,0,27.7208,0,0,1,15,17605,1,46,0,0,0,3,0,30.0,109,0.5365853658536586
0,3,14.0,0,0,7.8542,2,1,1,35,350406,3,79,1,6,19,0,0,42.0,324,0.2137404580152671
1,3,16.0,0,0,7.7333,1,1,1,35,35851,1,60,1,6,19,0,0,48.0,324,0.2137404580152671
0,3,40.0,1,0,9.475,2,2,2,35,7546,0,36,1,1,5,0,2,120.0,113,0.4021739130434782
0,1,55.0,0,0,30.5,2,0,1,35,113787,3,68,0,3,9,5,0,55.0,109,0.5365853658536586
0,3,19.0,0,0,7.775,2,0,1,35,347069,3,78,0,6,19,0,0,57.0,324,0.2137404580152671
1,1,45.0,0,0,26.55,2,0,1,35,111428,3,68,0,2,6,3,0,45.0,109,0.5365853658536586
1,1,36.0,1,2,120.0,2,2,4,35,113760,3,68,1,1,3,2,2,36.0,101,0.6842105263157895
1,3,27.0,0,0,7.925,2,1,1,33,3101283,2,84,1,0,2,0,0,81.0,324,0.2137404580152671
1,1,49.0,1,0,76.7292,0,2,2,15,17572,1,46,1,2,6,9,2,49.0,101,0.6842105263157895
1,1,41.0,0,0,134.5,0,1,1,35,16966,1,45,1,2,6,2,0,41.0,109,0.5365853658536586
0,1,19.0,1,0,53.1,2,0,2,35,113773,3,68,0,6,17,7,2,19.0,101,0.6842105263157895
0,3,33.0,0,0,7.775,2,0,1,35,347062,3,78,0,1,5,0,0,99.0,324,0.2137404580152671
1,1,27.0,1,0,53.1,2,0,2,35,113806,3,68,0,0,0,7,2,27.0,101,0.6842105263157895
0,1,30.0,0,0,27.7208,0,0,1,15,17612,1,46,0,0,0,3,0,30.0,109,0.5365853658536586
1,1,35.0,0,0,26.2875,2,0,1,15,17475,1,46,0,1,3,3,0,35.0,109,0.5365853658536586
0,3,29.0,1,1,10.4625,2,2,3,35,347054,3,78,1,0,2,1,2,87.0,113,0.4021739130434782
1,2,30.0,3,0,21.0,2,2,4,35,31027,1,57,1,0,1,3,2,60.0,78,0.625
0,3,34.0,0,0,8.05,2,0,1,35,364506,3,80,0,1,5,0,0,102.0,324,0.2137404580152671
1,3,29.0,0,0,7.8958,0,0,1,35,349240,3,78,0,0,2,0,0,87.0,324,0.2137404580152671
1,1,19.0,0,0,30.0,2,1,1,35,112053,3,68,1,6,17,5,0,19.0,109,0.5365853658536586
1,1,35.0,0,0,135.6333,2,1,1,15,17760,1,46,1,1,3,2,0,35.0,109,0.5365853658536586
0,3,30.0,8,2,69.55,2,0,11,9,2343,0,13,0,0,2,8,1,90.0,54,0.0681818181818181
1,2,40.0,0,0,15.75,2,2,1,6,33595,1,58,1,1,4,1,0,80.0,104,0.3647058823529411
0,1,62.0,0,0,26.55,2,0,1,35,113807,3,68,0,4,12,3,0,62.0,109,0.5365853658536586
0,3,25.0,1,0,7.925,2,1,2,33,3101271,2,84,1,0,2,0,2,75.0,113,0.4021739130434782
0,3,26.0,0,0,8.05,2,0,1,35,341826,3,78,0,0,2,0,0,78.0,324,0.2137404580152671
0,3,18.0,0,1,14.4542,0,1,2,35,2691,0,15,1,6,19,1,2,54.0,113,0.4021739130434782
0,2,34.0,1,0,21.0,2,0,2,35,31027,1,57,0,1,4,3,2,68.0,78,0.625
0,3,48.0,0,0,7.8542,2,0,1,35,350047,3,79,0,2,8,0,0,144.0,324,0.2137404580152671
0,3,28.0,0,0,7.8958,2,0,1,35,349207,3,78,0,0,2,0,0,84.0,324,0.2137404580152671
0,3,24.0,2,0,24.15,2,0,3,3,48871,1,65,0,0,2,3,2,72.0,113,0.4021739130434782
1,2,17.0,0,0,12.0,0,1,1,24,1748,0,9,1,6,18,1,0,34.0,104,0.3647058823529411
1,1,38.0,1,0,71.2833,0,2,2,15,17599,1,46,1,1,3,9,2,38.0,101,0.6842105263157895
0,3,30.0,0,0,7.2292,0,0,1,35,2671,0,15,0,0,2,0,0,90.0,324,0.2137404580152671
0,3,40.0,0,0,7.8958,2,0,1,35,349251,3,78,0,1,5,0,0,120.0,324,0.2137404580152671
0,3,22.0,0,0,9.0,2,0,1,35,345767,3,78,0,0,2,0,0,66.0,324,0.2137404580152671
0,3,2.0,0,1,10.4625,2,1,2,35,347054,3,78,1,6,19,1,2,6.0,113,0.4021739130434782
0,1,28.0,1,0,82.1708,0,0,2,15,17604,1,46,0,0,0,10,2,28.0,101,0.6842105263157895
0,3,18.0,0,0,7.75,2,0,1,35,347078,3,78,0,6,19,0,0,54.0,324,0.2137404580152671
0,3,28.0,0,0,22.525,2,0,1,5,4001,0,25,0,0,2,3,0,84.0,324,0.2137404580152671
1,2,19.0,0,0,26.0,2,1,1,35,250655,3,73,1,6,18,3,0,38.0,104,0.3647058823529411
0,3,30.0,0,0,8.05,2,0,1,3,2817,0,17,0,0,2,0,0,90.0,324,0.2137404580152671
1,1,60.0,1,0,75.25,0,2,2,35,110813,3,68,1,3,9,9,2,60.0,101,0.6842105263157895
0,3,20.0,0,0,7.8542,2,0,1,35,347466,3,78,0,6,19,0,0,60.0,324,0.2137404580152671
0,1,45.0,0,0,35.5,2,0,1,35,113784,3,68,0,2,6,5,0,45.0,109,0.5365853658536586
0,3,21.0,0,0,8.05,2,1,1,31,392087,3,83,1,0,2,0,0,63.0,324,0.2137404580152671
1,2,24.0,0,0,13.0,2,1,1,35,248733,3,72,1,0,1,1,0,48.0,104,0.3647058823529411
0,3,30.0,0,0,7.75,1,0,1,35,383121,3,82,0,0,2,0,0,90.0,324,0.2137404580152671
1,3,21.0,1,0,15.5,1,1,2,35,367230,3,80,1,0,2,1,2,63.0,113,0.4021739130434782
0,3,39.0,1,5,31.275,2,0,7,35,347082,3,78,0,1,5,5,1,117.0,54,0.0681818181818181
1,3,26.0,0,0,7.8542,2,1,1,35,347470,3,78,1,0,2,0,0,78.0,324,0.2137404580152671
1,2,24.0,2,1,27.0,2,2,4,35,243847,3,72,1,0,1,3,2,48.0,78,0.625
1,2,36.0,0,0,13.0,2,1,1,35,27849,1,54,1,1,4,1,0,72.0,104,0.3647058823529411
0,1,37.0,0,1,29.7,0,0,2,15,17596,1,46,0,1,3,3,2,37.0,101,0.6842105263157895
1,1,35.0,0,1,55.0,2,2,2,35,113505,3,68,1,1,3,7,2,35.0,101,0.6842105263157895
0,2,28.0,0,0,10.5,2,0,1,7,34068,1,59,0,0,1,1,0,56.0,104,0.3647058823529411
0,3,19.0,0,0,7.8958,2,0,1,35,349231,3,78,0,6,19,0,0,57.0,324,0.2137404580152671
0,3,43.0,0,0,6.45,2,0,1,5,7075,0,34,0,2,8,0,0,129.0,324,0.2137404580152671
1,1,25.0,1,0,91.0792,0,0,2,35,11967,1,41,0,0,0,11,2,25.0,101,0.6842105263157895
0,3,47.0,0,0,9.0,2,0,1,35,345765,3,78,0,2,8,0,0,141.0,324,0.2137404580152671
1,1,16.0,0,0,86.5,2,1,1,35,110152,3,68,1,6,17,10,0,16.0,109,0.5365853658536586
1,2,0.83,1,1,18.75,2,3,3,35,29106,1,56,0,6,18,1,2,1.66,78,0.625
0,3,22.0,0,0,7.125,2,0,1,33,3101275,2,84,0,0,2,0,0,66.0,324,0.2137404580152671
0,3,19.0,0,0,7.8958,2,0,1,35,349205,3,78,0,6,19,0,0,57.0,324,0.2137404580152671
0,2,28.0,0,0,13.5,2,0,1,35,218629,3,69,0,0,1,1,0,56.0,104,0.3647058823529411
0,3,14.0,4,1,39.6875,2,0,6,35,3101295,2,84,0,6,19,5,1,42.0,54,0.0681818181818181
0,3,36.0,0,0,7.8958,2,0,1,35,349247,3,78,0,1,5,0,0,108.0,324,0.2137404580152671
0,1,29.0,0,0,30.0,2,0,1,35,113501,3,68,0,0,0,5,0,29.0,109,0.5365853658536586
0,3,42.0,0,0,7.65,2,0,1,35,348121,3,78,0,2,8,0,0,126.0,324,0.2137404580152671
0,1,30.0,0,0,52.0,2,0,1,35,110465,3,68,0,0,0,7,0,30.0,109,0.5365853658536586
1,1,27.0,0,0,76.7292,0,0,1,15,17572,1,46,0,0,0,9,0,27.0,109,0.5365853658536586
1,3,29.0,0,0,7.75,1,0,1,35,382651,3,82,0,0,2,0,0,87.0,324,0.2137404580152671
1,2,5.0,1,2,27.75,2,1,4,6,34651,1,59,1,6,18,3,2,10.0,78,0.625
0,3,22.0,0,0,9.8375,2,1,1,35,7553,0,36,1,0,2,0,0,66.0,324,0.2137404580152671
0,3,30.0,0,0,7.75,1,0,1,35,372622,3,81,0,0,2,0,0,90.0,324,0.2137404580152671
1,2,30.0,0,0,13.0,2,1,1,35,250648,3,73,1,0,1,1,0,60.0,104,0.3647058823529411
0,1,62.0,0,0,26.55,2,0,1,35,113514,3,68,0,4,12,3,0,62.0,109,0.5365853658536586
1,2,34.0,0,0,13.0,2,0,1,35,248698,3,72,0,1,4,1,0,68.0,104,0.3647058823529411
0,3,28.0,0,0,7.8958,2,0,1,35,349243,3,78,0,0,2,0,0,84.0,324,0.2137404580152671
0,3,30.0,0,0,7.75,1,0,1,35,371060,3,81,0,0,2,0,0,90.0,324,0.2137404580152671
0,3,44.0,0,1,16.1,2,0,2,35,371362,3,81,0,2,8,1,2,132.0,113,0.4021739130434782
0,3,45.0,0,0,7.75,2,1,1,35,347073,3,78,1,2,8,0,0,135.0,324,0.2137404580152671
0,2,19.0,0,0,13.0,2,0,1,35,28424,1,55,0,6,18,1,0,38.0,104,0.3647058823529411
0,2,18.0,0,0,73.5,2,0,1,20,14879,1,44,0,6,18,9,0,36.0,104,0.3647058823529411
0,3,31.0,0,0,7.775,2,0,1,35,347063,3,78,0,1,5,0,0,93.0,324,0.2137404580152671
0,2,30.0,0,0,0.0,2,0,1,35,239853,3,71,0,0,1,0,0,60.0,104,0.3647058823529411
0,3,21.0,0,0,7.25,2,0,1,32,3101317,2,84,0,0,2,0,0,63.0,324,0.2137404580152671
0,2,25.0,0,0,13.0,2,0,1,35,244361,3,72,0,0,1,1,0,50.0,104,0.3647058823529411
0,3,32.0,0,0,8.3625,2,0,1,35,8471,0,37,0,1,5,0,0,96.0,324,0.2137404580152671
0,2,30.0,1,0,24.0,0,0,2,14,3381,0,21,0,0,1,3,2,60.0,78,0.625
0,3,40.0,0,0,7.225,0,0,1,35,2623,0,15,0,1,5,0,0,120.0,324,0.2137404580152671
0,3,33.0,0,0,7.8958,0,0,1,35,349241,3,78,0,1,5,0,0,99.0,324,0.2137404580152671
0,3,36.0,0,0,7.4958,2,0,1,35,349210,3,78,0,1,5,0,0,108.0,324,0.2137404580152671
1,1,47.0,1,1,52.5542,2,2,3,35,11751,1,41,1,2,6,7,2,47.0,101,0.6842105263157895
0,2,34.0,1,0,26.0,2,0,2,35,244367,3,72,0,1,4,3,2,68.0,78,0.625
0,3,19.0,0,0,8.05,2,0,1,35,323951,3,76,0,6,19,0,0,57.0,324,0.2137404580152671
0,3,30.0,0,0,8.05,2,0,1,32,392086,3,83,0,0,2,0,0,90.0,324,0.2137404580152671
1,2,50.0,0,0,10.5,2,1,1,11,13531,1,43,1,2,7,1,0,100.0,104,0.3647058823529411
1,3,21.0,2,0,23.25,1,1,3,35,367226,3,80,1,0,2,3,2,63.0,113,0.4021739130434782
0,3,30.0,1,0,7.75,1,0,2,35,367229,3,80,0,0,2,0,2,90.0,113,0.4021739130434782
0,2,30.0,0,0,0.0,2,0,1,35,239853,3,71,0,0,1,0,0,60.0,104,0.3647058823529411
0,3,30.0,0,0,8.05,2,0,1,0,54510,1,66,0,0,2,0,0,90.0,324,0.2137404580152671
0,3,35.0,0,0,8.05,2,0,1,35,364512,3,80,0,1,5,0,0,105.0,324,0.2137404580152671
0,2,35.0,0,0,26.0,2,0,1,35,239865,3,71,0,1,4,3,0,70.0,104,0.3647058823529411
1,1,18.0,1,0,227.525,0,2,2,15,17757,1,46,1,6,17,4,2,18.0,101,0.6842105263157895
0,3,16.0,5,2,46.9,2,1,8,8,2144,0,11,1,6,19,6,1,48.0,54,0.0681818181818181
1,3,21.0,0,0,7.65,2,1,1,35,343120,3,78,1,0,2,0,0,63.0,324,0.2137404580152671
0,1,30.0,0,0,31.0,2,0,1,35,113798,3,68,0,0,0,5,0,30.0,109,0.5365853658536586
0,3,41.0,2,0,14.1083,2,0,3,35,350026,3,79,0,2,8,1,2,123.0,113,0.4021739130434782
1,1,14.0,1,2,120.0,2,1,4,35,113760,3,68,1,6,17,2,2,14.0,101,0.6842105263157895
0,1,21.0,0,1,77.2875,2,0,2,35,35281,1,60,0,0,0,9,2,21.0,101,0.6842105263157895
